{
  "meta_title": "Tudo Natural",
  "meta_description": "A Tudo Natural é uma loja inovadora no ramo de suplementos e produtos para a saúde em geral que traz do mundo inteiro para o Brasil os melhores produtos de forma garantida e ágil.",
  "sections": [
    {
      "type": "banner-slider",
      "autoplay": 9000,
      "full_width": true,
      "slides": [
        {
          "img": "/img/uploads/611ef2aad6f70.jpg",
          "link": "",
          "alt": "",
          "start": "",
          "end": "",
          "mobile_img": ""
        },
        {
          "start": "",
          "end": "",
          "img": "/img/uploads/611ef327524e1.jpg",
          "alt": "",
          "mobile_img": ""
        }
      ]
    },
    {
      "type": "collection-shelf",
      "shuffle": true,
      "collection_id": null,
      "sort": "offers",
      "title": "",
      "headless": false,
      "limit": 12,
      "page": 1
    },
    {
      "type": "banners-grid",
      "banners": [
        {
          "img": "/img/uploads/611ef43e1e7d7.jpg",
          "link": "https://api.whatsapp.com/message/DNVNSIXUBPISE1?autoload=1&app_absent=0"
        },
        {
          "img": "/img/uploads/611ef50d53fa3.webp",
          "link": "/sexualidade"
        }
      ]
    },
    {
      "type": "collection-shelf",
      "shuffle": false,
      "limit": 12,
      "page": 1,
      "collection_id": "6332058473321213f88ea6d5:categories:Dores:/dores",
      "sort": "views"
    }
  ]
}